sequence,label,score
VYKLQVGTTRDQSIFMYE,0,0.56
HMIGDGCQSEYNYQCPECATCNIDN,0,0.08333333333333334
RDATLTTNNSKC,0,0.04000000000000001
NQRKQVYKRTNPNLGNQPW,0,0.5633333333333334
RVWESITPAEHNLK,0,0.5466666666666666
FVSDTEHVVSYEQHIHTLQ,0,0.5633333333333334
AAHKCEPKCAEWAECAITEN,0,0.5666666666666667
MIIDAFMPPRAANDLK,0,0.5533333333333333
EFSQYHEQEACIYLGSTATA,0,0.5666666666666667
YDALCSGFQPG,0,0.5366666666666666
NRGQAMIVKIMGCEGNLLC,0,0.06333333333333334
CMESINYALGKEIWHYGFVPITLHWV,1,1.0
QGHEFYIPSCDTIT,0,0.5466666666666666
QKINEGIEQAAERNGDA,0,0.05666666666666667
VLYMFQPAQAPEDAIGVQHLDHRM,0,0.5800000000000001
RRCESHFWVLREVDSTE,1,1.0
YATNVPNEFAVNPKMLWMQITTFK,1,1.0
SRNYSCPPMQPQRS,0,0.04666666666666667
EQQLNFMPNEQFPFYAYMFMIECG,0,0.5800000000000001
KFQQSLASNLPTVGEVKCHGA,0,0.57
PLRKDDRMLWWMEHSWNY,0,0.56
RACDARWYLQDLLRTMIVENQTSKEDYF,1,1.0
CMMPHDRNPGKFTFSYKNVAPDCSTG,0,0.5866666666666667
TMDSLGEYAWFYKVDKKGHTD,1,1.0
QAQRCIKMAI,0,0.03333333333333333
WWRRTILGGPIFEM,1,1.0
VYQYPLTGVNIMMTPRVRWGIAGFGNG,1,1.0
HCETTHARMNLYLAMRKPIMNE,0,0.07333333333333333
FHLYAIVWYNGSPRKIIPHPRQQLKPKIR,1,1.0
PNNFKSDGPSTADNYGRMFCQVEADDHIDG,0,0.6
DQWREIRILYCMSMQNYDQPNETGGWTTKS,0,0.6
VSWARTDGQIIILVVP,0,0.5533333333333333
NGNVNIMWSTAARMMGCIIAE,0,0.57
QNFMAGWAIRDKQEIKGNMLPHSDFF,1,1.0
VMICISQQLHRMPGECKAVKVLEHK,0,0.08333333333333334
VWQGHLEGVPSCMYPMWHYVT,0,0.57
ARVEDVGMSRQVGKKIKDNDKQWKH,0,0.5833333333333334
VPMGGMIENLYERKPKFEGDECVL,0,0.5800000000000001
VTPEDIWTMHNHMQDFLQGKHHTL,1,1.0
QHGFANPYRDIFQVYRMSAADM,0,0.5733333333333334
AYYTKPDMIW,0,0.5333333333333333
EQCPIYRLKYTGKSA,0,0.05
SENKAYLLDMYGTAEMSKEIEKEPGHMRRV,0,0.1
WTLEKKPQFEHVWCEPPEQM,1,1.0
NHYWNCTKNKLWSWMLLFG,1,1.0
ITAWMFMPMCSPFWKTDCLQTIGF,1,1.0
YAFKYNVKNQRKWTWWKCFKLIFKEEVEVL,1,1.0
MWKEYERNFT,1,1.0
TQWDFIVFYNHMLRMW,1,1.0
PPYAVNLNRDYSPKFKCPRDRFPEHHVGDC,0,0.6
EVQVFLRWEERL,1,1.0
KIAGDMSNSPQVMDMCHSKQMQHA,0,0.08000000000000002
IQWWIFRQLLSILDCQAQHP,1,1.0
IKWYCNYTSQRGMSTVKEEWGGKWT,0,0.5833333333333334
EMKIRMSWISVWQGWTH,0,0.5566666666666666
FENDQLNFSMGDFHGDKMFVDPC,0,0.5766666666666667
VKGFDLFALVFFCTDETLEKKW,1,1.0
PGFNNFCPCRKLGIQCGI,0,0.56
CYQYQRLDWETPPAMTALVMYVIKELADWP,0,0.6
FCLIIPFKPVWQNKAGDQVEQYQE,1,1.0
RNWWQISWWQIRGSTCAVAWESDKHMA,0,0.59
WEYHWRLSTVQVSGQ,0,0.55
SKTGPPQEDMH,0,0.03666666666666667
MECNPQYICDTWQNDNIDWEVNEWHTGYT,0,0.5966666666666667
RIFCCCTWTTNGSVMTALPCRRSSKKSAVL,1,1.0
TSFQCDFWEHKLIWCC,1,1.0
NVACNVLNVSYRMQKYLWNSSNH,0,0.5766666666666667
QKEGAFRRTYN,0,0.5366666666666666
LYPCMLRMLTPTPWANDNF,1,1.0
MKAETCQRMP,0,0.03333333333333333
TQSNNGNQMGDR,0,0.04000000000000001
MRSERNAMMTDVDQCEPWFNHFMDQEGIW,1,1.0
WRGNRSRTMNKLCEGFFGELQLIGERAGCQ,1,1.0
MGQYGMVLEAMS,0,0.04000000000000001
YTLNATEMISPKFKCNPCF,0,0.5633333333333334
DPMIESIAGWIGRCY,0,0.55
KMQQMLCVWCKRKISMDVHTR,0,0.57
YCFYPHEWAMIRIKWNIH,1,1.0
EPWYHVRRPGSRCFRQYLC,1,1.0
TPYQECVWNL,0,0.5333333333333333
EHQCIKRWCFPYST,1,1.0
GTVGYAYMQSHSIESFVPIHDYAEFI,0,0.5866666666666667
TMFWIWTKSEAKQSMETP,1,1.0
YYHGLPASCDNLMKH,0,0.05
NTNPRHDCVAY,0,0.03666666666666667
TKFLWCPGKFCWGFCKYFKIQM,1,1.0
HWIAQRLVDLNTMSAPKI,0,0.56
NCVSHLRWQWLER,0,0.5433333333333333
PLEVLRVSGSEKSWFYTSE,1,1.0
TYTMSAKDLTA,0,0.03666666666666667
INEDIDQLSMFENRMTMSTWFPQEIYTVIE,1,1.0
VGFPGCDCSNEDFPHSQRNFCMHEQNL,0,0.59
FCQGECPLMYFDFSEQMFGQPRRMFW,1,1.0
NFTGLSDMQVNIPHHRSLTMR,0,0.57
MCYFGWGCHERWELSVQVLVVTRMHPQNL,1,1.0
QCSQYYFYNRVGWHWICRQFGAPGP,1,1.0
HTNVTNCIPSWNDHHYMWCMATVDNNPGD,0,0.5966666666666667
CYGDQTWHFFSCP,1,1.0
DWTYIHCTGNPHVAPMYIQ,0,0.5633333333333334
EFDCEFCRWPFQKGLYFVIAPNSGRTDQ,1,1.0
LCAREIGHVNCSVCVGNCPKAHARPC,0,0.08666666666666667
HISEADNSWHVCNTFV,1,1.0
MRSRYMCFHAWHPGCRVT,1,1.0
ILHHGPQLMHRPGCEDNGYAEYPPQHCMT,0,0.09666666666666668
FVDHIIQYIRKRPHVSFIQRHYGVEVA,0,0.59
TVCNNYHADSWWGGFFMWFWA,1,1.0
HKECYGKMFFEPKIQREHFLATQAD,0,0.5833333333333334
KCTCQQCACYNQIVWEDWTDQPTPQFTC,1,1.0
ECTLVWEAIWECGKCRYRQRP,0,0.57
PPSEKPVCHAKIKEKCNTCVPQCWRTFVS,1,1.0
WQCVHMICTHR,0,0.5366666666666666
TKDLHPFNPIGLFSDPGFMWSQKPEDHE,1,1.0
LTINYSHDNFRLGYD,0,0.55
WGIAHASTDDQQ,0,0.54
CKHSENPCRYCLVIQPGYSQ,0,0.06666666666666667
RWVFWLYEADD,1,1.0
KLTSHNLIQIRVHRFEPTHYFTAGYICG,0,0.5933333333333334
IYAPNSQIQTHAEQKDTLSPRST,0,0.07666666666666667
NAEWKENFSYAVRGVQP,1,1.0
GQYGVMFEWTYNPARMYQD,1,1.0
QWSPCGNMPSVECPPNECWVD,0,0.57
GKIIWCVVSLVME,0,0.5433333333333333
TKSNKWIRITYANTPKEWETHLT,0,0.5766666666666667
WRRGDFGDPRE,1,1.0
EPCWMCHVRVMMYNIEHVQSY,0,0.57
VGLILRYYILPLG,0,0.043333333333333335
HMVLWWFTYGETYLNDNPCGGECENPSTQ,1,1.0
DIIASHLYPDLCSSW,0,0.55
GPIKKHTQGVLQMVFYAKFAPRCCREW,1,1.0
QPQRLNHVMYHMHSLCY,0,0.05666666666666667
LCNFNVTSKDEPMPNMAFYHDSFASVHAIK,0,0.6
PWNAFHRCHPL,1,1.0
LIEDICSPWYHNMTWSLDERCVGC,0,0.5800000000000001
RWAIIIMDEQTILTYFTEEANY,1,1.0
PWIKSRGIMNWCVGKFTM,1,1.0
FDQWWVRCSGTW,1,1.0
DDINPYLFINY,0,0.5366666666666666
CITFRICFFTTCQPRGRPR,0,0.5633333333333334
KQCPIQCICWVRYSQNRWSSVRQWGI,0,0.5866666666666667
CNIQLNSSMLSVM,0,0.043333333333333335
HNNRSNHNYYMW,0,0.54
QINIFTLNLKKAVLYFQEPKCVGSEFQR,0,0.5933333333333334
RQWQISCYIWPFFSHCDKWSIWDF,1,1.0
AQIYPSWSSCVHLYQHYGYDYLGQKYDISM,0,0.6
CLHQFTALSFIYHYAS,0,0.5533333333333333
IKAQEVHIPANQAVWKYALN,0,0.5666666666666667
ATRNVSFNNAYQ,0,0.54
RVCKEYHMLFVTYFLRVNYLARP,0,0.5766666666666667
HMVQEERCLTNYIHVQVDCRYECWCMC,0,0.59
KSHGDVFHNSLTAYQLQQDFMTC,0,0.5766666666666667
WESAKAGPEIWWGEALSERRFYRK,1,1.0
PCYCNTERLTQIPT,0,0.04666666666666667
VAQYFDFLNNEAAKS,0,0.55
IMRCVGKYWHQKCEESKQYPIHGHSSE,0,0.59
SERQTQGYNGGTIFTCYTRD,0,0.5666666666666667
ENFNNILMISKIINVSISGE,0,0.5666666666666667
AKCSQVPASSFNMCLSWYQCPNKM,1,1.0
STKGDQMWCDAMRRVHEWYCMCDCN,0,0.5833333333333334
INQIFQATPPCVFKFAYNASMHNPKI,0,0.5866666666666667
QMKKIYYGKPDQQLNPRNEFIQTSPSPI,0,0.5933333333333334
ESVLRGPLADFF,0,0.54
SLSSSYVRQCWAHM,0,0.5466666666666666
KSMGFTESAYERPEWDQMEIHKEPKMSTNS,1,1.0
DFETLCFDHMQCL,0,0.5433333333333333
EEVKMPFMECVVKKVQFHH,0,0.5633333333333334
RDVHHMRHEEDLDVCRYGPQLD,0,0.07333333333333333
EQNGKMLMLYAVVRHTPMSG,0,0.06666666666666667
DEFEENNDRPGPTPMVTN,0,0.56
GRAFYSIDRNLPTMYAGKLPWAHV,1,1.0
DQMALYHCDEYYNRQIAVPDMCGDSSE,0,0.09000000000000001
CPFAQLMLAS,0,0.5333333333333333
RTQGFWFTAADRQLI,1,1.0
DIHKCYTTESFHIWDYDPEPTRA,1,1.0
FWWKWWMHPDVQPIVNVETQKYD,1,1.0
QVLSDFMEGAKIGKRIQTRMNKLAPISNK,0,0.5966666666666667
SKEFCAEFNKN,0,0.5366666666666666
EQMCKWDTCAWKYSNWTIGLCHNLIDSS,0,0.5933333333333334
YEDVQVVYMPYNVPGGVAHQWERHFF,1,1.0
VISKCKWLFAFYYIDFVDETEFFRMVWH,1,1.0
IKNMEDLKGTNMSILLYSAVHLELNLKYK,0,0.09666666666666668
IEGPREEQKQETHWHPETILNYP,0,0.5766666666666667
LLQKHRRPDQVISC,0,0.04666666666666667
LDLQIFYSQKH,0,0.5366666666666666
DSDGSHMYKSGLQAVLSGKAWTCNEA,0,0.5866666666666667
FLLWNMKHASY,1,1.0
NSLEQYVLFDTIESI,0,0.55
PSYWDASPCNVHSWVLSVMVVNGWCGAET,0,0.5966666666666667
YLSHYMVSRNVMPMLGSCRHYFCGRCWHWY,1,1.0
HPMEMMDDDIW,0,0.5366666666666666
TSGCDCTFDNTRQNQI,0,0.5533333333333333
QTKLTIDIKPGTRDKKQGSIGGH,0,0.07666666666666667
FPNEVEHNCY,0,0.5333333333333333
QFEVLEYKPWIIKWGI,1,1.0
VEMFPAEDRTRFMDFVVSWRQDQ,1,1.0
VNWDNLHKFNGSMLMRSP,1,1.0
PAAMFTSYTIMFR,0,0.5433333333333333
RCDGWGSNFGRYYDSYSGFM,1,1.0
RSYQPKNLPDGHLKWIWHPFDNGHPIASK,1,1.0
FIMMWQHGTIMVLACYTFRTFVHPRHATRE,1,1.0
LAYKKNDWKPYDDCFCMKCIHF,1,1.0
YCRGMSCAISDQKKMSVWDI,0,0.5666666666666667
VMEIKDCTCICSVWDVFLI,1,1.0
CPVCNACAYMQN,0,0.04000000000000001
LVMTFGMHEHLIHKCVTEACDFFKAEHME,0,0.5966666666666667
CPECYGDSPQFLCPIAPHCVTPDNKKD,0,0.59
VKYDIFWTTHGCSWWQLHY,1,1.0
DFEGTWHVKLDSYKYMMRICYH,1,1.0
ILTQEWSCTFECFKTRCYFFMWEPGE,1,1.0
YQMTCHQGTFCCRPC,0,0.55
NHWVEHDKTMLMDKMRYSPGMPWCD,0,0.5833333333333334
PQDWQWHAFGGDDRRCWN,1,1.0
MRSQELWDAWVNLMLP,0,0.5533333333333333
AVPVMGIQAGGQKKH,0,0.05
VGVHAWTLCCLRTKDRNWWE,0,0.5666666666666667
VTIKCVYEGWPPKEAHFQCCYKCCVQFDWV,1,1.0
DPYWHDAERMYNYTGMNNKDNAPS,0,0.5800000000000001
FVTFRYYNEYKPNQQVAFTEWSWTWPNA,1,1.0
PNGKWFEQMFNIRFV,1,1.0
YWFMDTLDTFAWCMIDCKSYGTKWLGTCPI,1,1.0
ENPDLLYTRAPGDMCVNMHTGKRMQLTWR,0,0.5966666666666667
LYSEYPPNKRQAWVAMYWVYQWMELGNIW,0,0.5966666666666667
VCNQGGDEAWEIPMQVSRHLINKKSVCFYP,1,1.0
RYGPRYWRDYSTTMESEEQL,0,0.5666666666666667
CPMMMSCDWILVDQVPRWGIQCFGTVESY,1,1.0
WSSWVLDFETVAHEENC,1,1.0
LMAGTIMQQMC,0,0.03666666666666667
LFVTVGGNYGPDRPKRYAAFMYKWNR,1,1.0
LNNVMFFWWRLIHLMGIDFTWSHLRDT,1,1.0
IAANMKFPVKR,0,0.5366666666666666
AILCPRHNHTCDCAKYVHN,0,0.06333333333333334
MVSGHKRSSW,0,0.5333333333333333
YYHATDKIRWDFLDAIYVWMVQ,1,1.0
PFLYQAWLLQKMRDHK,1,1.0
TFQKFPHNRAS,0,0.5366666666666666
VICWNNVLIMNPNSDLMWCTQVQ,0,0.5766666666666667
WPAGFGRILLTVRPRALFFP,1,1.0
WMTPLMWDWQAHFMTLPQHLPKAYSYNH,1,1.0
CFYKSALQWQQNAS,1,1.0
GIMWEQGHQKCLVYSFGIE,1,1.0
FMWSSVAEIRCCHRRTEPKCVIFRW,1,1.0
SLCFSKMIYTSLIYQSASKP,0,0.5666666666666667
KLQFAYSRVYNLIVAKSAEM,0,0.5666666666666667
NWHHPFGVNTPVWCSVQHNCFYGGWHWY,1,1.0
HMDMKSVTVFH,0,0.5366666666666666
DDTQVRWFHNELHNNHENCSAISTLCG,1,1.0
MDSPTWNSMVATD,0,0.5433333333333333
RTNGPGAKWQASFMWSCIWSHEGLYIIWT,1,1.0
KNFMKNIIPYCPMHMHCCPFNWPQWRYWL,1,1.0
SWPPEWFGEMFSRILKT,1,1.0
SFIGLKMNMNYMFCKTWKQT,1,1.0
AIFENERQMMYTY,0,0.5433333333333333
LYCYCSGCKS,0,0.03333333333333333
IYSVNNLCKVDIPWSYT,0,0.5566666666666666
QVNIADQYKRWLAWAKIYVQR,0,0.57
VRYCNSEPCKDFMLTMKDMVI,0,0.57
ELKGNRWCRYAKEGGLKGCMMLMYCAHMTQ,0,0.6
TSCCRWAAGWLSIKCPPLPLKYRKAA,0,0.5866666666666667
RDHAYYDYAEHPHMERC,0,0.05666666666666667
GPWFGKMMVPCSLDTREIMF,1,1.0
MWVQLLKCVIFFVPKYMQTACTKVEYDAL,1,1.0
TEHPKTVNHNWWV,0,0.5433333333333333
DLIETANWIRVSP,0,0.5433333333333333
YEKFGPQCQTVGPTPSSPIP,0,0.5666666666666667
LTISCFWMTEHFEALNDNIITMQI,1,1.0
VGKVQYNPGEE,0,0.03666666666666667
MRYLNKLYDSV,0,0.03666666666666667
LHIWCECDCLTVASMFPGSHGPYDITWKG,1,1.0
HAHLCQFKYFRTGWSCKMMWSRDSKLPMI,1,1.0
LVKIYPRVEGITYDQT,0,0.05333333333333334
HGKYHTSCLAVPYSYTP,0,0.05666666666666667
SMVGSDHCCHCTGWNVGI,0,0.56
KSWEWAPMEH,0,0.5333333333333333
EHWGMQHTIAPRD,0,0.5433333333333333
IMYCCPWLDGIKPIKNPTPAEQVT,0,0.5800000000000001
GSYEYIEAVNLCMVDWRTKEDHHA,0,0.5800000000000001
LITSRLSGCENVDWPIMDCQYSCMKPQ,0,0.59
YNSDGWVHNSGVHTKAQ,0,0.5566666666666666
YNLFGEQMKRLNSDDSNISIIP,0,0.5733333333333334
QMTADKLFALNCMFTYLMYDKFF,0,0.5766666666666667
AVASECKRCIFYDFEGRME,0,0.5633333333333334
LIQNARVADLDCDECRHGMGHFFHC,0,0.5833333333333334
GQTEMELEGLSRDKKEALDQWIP,0,0.5766666666666667
DFCVTDFTDGEDIGGSDWCQMYSE,1,1.0
QWKVHVVHKEQCLDTMCCFLKKNWDHV,1,1.0
NWPVHCGFIIIHHIAQAITRKGAQLQ,1,1.0
GAVQKSWVNY,0,0.5333333333333333
AYTGYPLSFECA,0,0.54
CCQEIMMHQEKSS,0,0.043333333333333335
DLPPPYFTVLCEKERDHEPVEDFKHPYTC,0,0.5966666666666667
ERERMLSIPM,0,0.03333333333333333
NIIFEVMVIDTCYPEFQPMNH,0,0.57
SCHPTTFWTYIHMFSEMRHRMGMFKA,1,1.0
NNILFSGMPIWGKATWRFWFKRM,1,1.0
QEGFTGMHTKLFYLILE,0,0.5566666666666666
WLMGVPHVTGRCIN,0,0.5466666666666666
PYMVHWWKMPACKLEIFCLWFEKEGV,1,1.0
CCNVSACCNTSQGFGNECDQSMEVKGDDW,1,1.0
YWLKAVEWMT,0,0.5333333333333333
PRVCPWVNKVSAG,0,0.5433333333333333
MEPKDAGDRMVQQGHVIIWGENTHFMRE,1,1.0
FPMILTGFTVNWQADTFGCY,1,1.0
EHKHTQTHGEEEFWHVLVTRIITTYF,1,1.0
CFCWDRIPMRYRIVFWPHEKWAQIWPI,1,1.0
TEYYRPPQWDYGPGKYVW,0,0.56
RAFFFSPNNCKWLSMKEYMDDF,1,1.0
YMNHAWDTWSDFLVI,1,1.0
FLNFCPEGENPVEIQMSVCSYPETMNMWH,1,1.0
GYCPQGNWTYVHTCMI,0,0.5533333333333333
AKPMCNLAFSDLQEWGLDAITHRPIN,1,1.0
TEDGVLSIYIVE,0,0.04000000000000001
HFVEGRMDKFFAQVHHQKKPI,0,0.57
ELCVLHHKILADPCLNKDTYTLIHMQKR,0,0.09333333333333334
GTTKLWKADDYNVKRGINLC,0,0.5666666666666667
PIMSTATCNGKMYVAG,0,0.05333333333333334
VCNQFAWGPDITCDFHHTFNM,1,1.0
VLHLCQHNSRETTTGEQCNIKGLDT,0,0.08333333333333334
WDEEVQSLFWIEDI,1,1.0
DVHCSWGSVYMVDEGYN,0,0.5566666666666666
IALHARNMAMVDDRGLFKRMHAHIEISSMV,0,0.6
KYGGIGSYLSEWVKKPG,0,0.5566666666666666
LQQSSHHPCY,0,0.03333333333333333
LLEACGYHRVFPCELFLACKFQDPLPET,0,0.5933333333333334
AVDHALMMPNQ,0,0.03666666666666667
WLLHLESKEYYKYVHQCQWVLDHQAEWV,0,0.5933333333333334
ELNRCAICDWCWTVH,0,0.55
CGQIEVNAIRAPVASRC,0,0.05666666666666667
YPGIHCRRPIQA,0,0.04000000000000001
GAVGCKCAMMVG,0,0.04000000000000001
KGIFRRMVAIVRHVMGFQCWHKFPT,1,1.0
EIPFIILVVLEGQMRIK,0,0.5566666666666666
DSMNPRHFMSGAMPDDCTD,0,0.5633333333333334
GGAFVSKWLPHKSQI,1,1.0
KIMMMNKRHNAMRSDYCCLAKMAFHWKL,1,1.0
NFKCFYAPEETPSPFLLHV,0,0.5633333333333334
FEFWFLALFLSEYK,1,1.0
LGDAACCVHLVFWLRA,1,1.0
LYPEYVSEKTTQAQWC,0,0.5533333333333333
NNFFYGQCRQWANEL,1,1.0
WMEFHIANLKLRQQLGPAMP,1,1.0
VMKATANDRHWGQIPAAKMR,0,0.5666666666666667
TIIETARGHQHKLCKVFIMREHYNIL,0,0.5866666666666667
HKGHCKEMTVICICWREDQYFPCLSVTF,1,1.0
DFIFPRCTQMRWAV,1,1.0
PCLSARCSTRGCLNTIRECSQ,0,0.06999999999999999
RGGNLKLTYSCPIQYE,0,0.05333333333333334
APSFCMSDCMWPFW,1,1.0
PMVKTWSLLQYYPQACFCCNTVGPFE,1,1.0
LDGNCIGNCTHIANACPGGCRWGKGVPN,0,0.5933333333333334
KHMIPPACSNDKVELPH,0,0.05666666666666667
RLACPGNCKIPYTAPTFE,0,0.56
LGLPVDCLRVVWMWFKGG,1,1.0
PPTPYWRHWKGYRAQW,0,0.5533333333333333
KNRQNLYWVGTRCNWGICRPADWFPC,1,1.0
WCEIGYQLKNSSLCERDDYNIWRW,0,0.5800000000000001
TIQPPNMSYIDEEQMRKDKQW,0,0.57
FDHTLDHSSIIPPEKPTMFYM,0,0.57
LSFASVFTCR,0,0.5333333333333333
SYPARKEIMTYWFMSTRNAYWPEVMK,1,1.0
MCFTNWTFAFNT,1,1.0
TCNCFPGTMYLKDG,0,0.5466666666666666
AYYKTYDIHCILTIGVRFKKCYQDFNEK,0,0.5933333333333334
PRVVREGTNINP,0,0.04000000000000001
AYRLECEWCY,0,0.5333333333333333
QVTHRAQWFIYNVFWKIDRGKDSHG,1,1.0
ANNKDAVHARMAIQPTRC,0,0.06
CTPDCCFPVIF,0,0.5366666666666666
LYWVPASHSWPCDETGC,0,0.5566666666666666
RQDKMRTNDKLMKFGRVNWGEHNHMLQWGK,1,1.0
KIPIATTYFECRELTHR,0,0.5566666666666666
THMGQVKQINIDNAQGNL,0,0.06
CGEQDWFFQSRQHE,1,1.0
SKNHHSFLKKE,0,0.5366666666666666
NNFASPSAGVVRMFLMPSGEATVCQW,1,1.0
CCYWTKSWHEADLQSGQ,0,0.5566666666666666
GSFLYHKEQHESEANMAPFDKAWCFDLPST,1,1.0
SRFMVHCTTDYQVVYRIVRPMCKATVEWE,1,1.0
EQRWAHEQIETM,0,0.54
FVLMFSSWNCW,1,1.0
VKHAVYVVHAHTMKGHDHQGSPCVN,0,0.08333333333333334
DLCKCNTRVQHFPNEVHDKMND,0,0.5733333333333334
EIPNNLPVYIWLGRKMQNMSKPYPTELPC,0,0.5966666666666667
SAQDSKDQTSPQGPASEDYFNGQ,0,0.5766666666666667
MPYWELNTVTPLKPGYSFAKIDLDCNPE,1,1.0
VYWIFCTRGADCKPPQVCWRQCSWHGTR,1,1.0
KPDFHIMYRDC,0,0.5366666666666666
SRIYTLECPFLPRWRSSAYYWACDWCH,1,1.0
KNIFRSWTLFNFEMENTMGCFSFT,1,1.0
YPIRTVYEHFAHSKPPYQMCWL,1,1.0
HLDVSGHVWRNIRIMEGVKLQYVAWKLMIL,0,0.6
CIEEWKCLMKHINPVTND,0,0.56
ASHLPNLTLSNRPESLPA,0,0.06
NFTYEIYKADAFKSYTG,0,0.5566666666666666
EQNMRDPMQPGDGGQHQCLCKFC,0,0.5766666666666667
FRCGERFYKQNV,0,0.54
LTECAVMYMVDPIYGQGQRRGILDASD,0,0.09000000000000001
FWHGFKIWMVKWMLNKVKQRY,1,1.0
FLTLFTMEACQIFG,0,0.5466666666666666
FEAHGVPWMNCGHSE,1,1.0
FSSNPCEKDHQ,0,0.5366666666666666
TDTFEHHYRSIV,0,0.54
RWQADTSDQSKPQGDYICWMT,0,0.57
HYPRGADIKPLHHLHLFPYCNDSEGT,0,0.5866666666666667
MCWQKTTLWKQQCQSPEA,0,0.56
EDHDKWCSIG,0,0.5333333333333333
PVCGLVFGSEQPETERN,0,0.5566666666666666
NWNKEAHGTAILGLTSIIMYA,0,0.57
GWLVNYQIMHWMEKFNEMNLWGVQ,1,1.0
GCESNWFVVAFTALTREPNRPEAVMEVQL,1,1.0
WKAPAGGNDFVYWAYYVICIR,1,1.0
KIHWHNPISPQSGGYEWRI,0,0.5633333333333334
FNHEILRVILRAHT,0,0.5466666666666666
VSNMVYLVQRV,0,0.03666666666666667
NYVIRVRCVDFKKVRTQHP,0,0.5633333333333334
PEDAYSMVHGEIISCLAPKQDEWERNLMQ,0,0.5966666666666667
DYPGGQCEQIPERMAPIYT,0,0.06333333333333334
DAHWEPAKLKRRPQCLCGGMKRQI,0,0.5800000000000001
ATGPILGELWPH,0,0.54
IEMMKLVAMGLTPREPKYNARA,0,0.07333333333333333
NQSGVQYPEGYHKGKRYKCC,0,0.06666666666666667
PFVTMYWMRGPTSPFMMHCAACESMMFAQ,1,1.0
RMLCMDYLPQYIQTIAC,0,0.05666666666666667
RPKFSIANWWMNWIRGS,1,1.0
QHIWKRMLLTVEAMHNFLQLLIVIIREFY,1,1.0
PHYWCHGMNM,0,0.5333333333333333
GEHGYFMLKFCGNDAHNAFPYYSKM,0,0.5833333333333334
GLSTLWRPATGVPDKTHTKEYYKIIVVDFC,1,1.0
TYEDHYNHWIR,0,0.5366666666666666
GWMNDDADLNDV,0,0.54
EVKADRKHGGVLHVSCTGAWGYQQ,0,0.5800000000000001
IRTHMYHVQSRPPQTYLCIQRRNQCHM,0,0.09000000000000001
CSRILIDNFRICIHNSLRQGDAATECIMDW,1,1.0
HQMSEKARHPFISTFDCRIEVLDGAHW,1,1.0
KRNCHFLQEAVKDF,0,0.5466666666666666
QPEIFHSLLSCANIN,0,0.55
VNSSPPCYADREYCHNFNTAQTMILDHHQM,0,0.6
GCRESYFVTP,0,0.5333333333333333
ACGKLWQESTYAENIHCVYCC,0,0.57
IIDRGIFYKKATYSMNNLLYLWMGF,1,1.0
RYEEGQIDIIFDFISWRWGSKDMTW,1,1.0
NYEYAHNMKQHN,0,0.04000000000000001
MAAMPHWGPFTPCCPPPQKEEQWEC,1,1.0
AHEMGLDAQCYFNSARLEADMF,0,0.5733333333333334
AERMRMMYDCAA,0,0.04000000000000001
CLIAPEKSCAGMCKKKP,0,0.05666666666666667
QLRAWVHPLTVQQNFGTEFQNQALLR,1,1.0
KCVDFYCEPFQPTDRNS,0,0.5566666666666666
HLEARCPVVANKQEGMHNHMRVRKCCWL,0,0.5933333333333334
HDEKLVKWCDTDDVLWPKPDH,0,0.57
FDWRANKHQRRWYAILRAMIDD,1,1.0
QFVDCKQPMEHMMH,0,0.5466666666666666
YWSTTRWTCPTKNH,0,0.5466666666666666
HLRTTLVWSGQYFTGCQA,1,1.0
PSHWWKQGQRVDME,0,0.5466666666666666
AMPHLYPQHHQKE,0,0.043333333333333335
NFAFTCTTEGNEIMGYSES,0,0.5633333333333334
TIPMDIGPQIWLCCGP,0,0.5533333333333333
HGTHYYLEGQKWPPT,0,0.55
KLEWMFCKVL,1,1.0
FCCYCVHTHSGRATSQMVF,0,0.5633333333333334
CIMQFFPRDCEAKYL,0,0.55
CEDDCIDNDEKWSFCAVRPGMSMKKVQMY,1,1.0
TLKTNICRSDESPKFC,0,0.5533333333333333
MNSDGASQMVDGVLSVQVWCHSFMPQDQN,1,1.0
NMVQILHLQYTCMYCYAFELEIENYW,1,1.0
FIIRLSHEKLQAKSREWSHIYDPVALS,1,1.0
FNNGIMECGCTTM,0,0.5433333333333333
IRRSEGQYFAEHHNG,0,0.55
LVMKNNNAKFLGSALGYFYQW,1,1.0
PYLIMKNFSKPNEDITIAEAAWTM,1,1.0
ANMDATVECNILYMFYWTIPEMHSFCF,1,1.0
MWEPESWRKMHSLCQIVTTIKMPCSFVG,1,1.0
QCWSCMELSPIALWIQNKQMWNFKIFEGG,1,1.0
QDPDNPFVNLGIWHLHPTMSHCGY,1,1.0
WYYGRGRPPR,0,0.5333333333333333
IDDDCESMPAWRNSMDTLC,0,0.5633333333333334
KRDYFKIVDNIARSNMGM,0,0.56
LQYIQINMYWE,0,0.5366666666666666
KPLMGRTWYTAH,0,0.54
KWHMDTMGLPYIFPPK,1,1.0
QRRSNSWQICCEESRYYKWREDFRFHED,1,1.0
IIWWYRANAC,0,0.5333333333333333
CSNAIYGLNGARNNG,0,0.05
DVTWIVIDGAINNTESEDNMWYQ,0,0.5766666666666667
KCTLWNGFVSDIWMSWYWYCLQEW,1,1.0
LCPDEPFTCGEPSVKKR,0,0.5566666666666666
EHSNWGPQDCIDTCDAPYLWSCADGQ,0,0.5866666666666667
SVKHRKRKAW,0,0.5333333333333333
PARWFWWHLQECFPQEL,1,1.0
PINLVEPWVH,0,0.5333333333333333
WKFNDGEIQSTVPVRGVIDTVWIYF,1,1.0
SYFAFIHGLGFTMSIDDSVA,0,0.5666666666666667
NDKGQNTYFLVQHASHACFDFQHKK,0,0.5833333333333334
ENNATYDWEWTDCPPEQFMQREED,1,1.0
PFRYCCEDTCIH,0,0.54
RYSMLVFISYHVAEVCTNGWRI,1,1.0
KREKPKRMDKAHTFNFLA,0,0.56
PGTQYKDGCLMFHVGQVIF,0,0.5633333333333334
LLEAHITIIRFRVPTANYDCKKPIWHFYYA,1,1.0
DPNRCYELLKMTLGQPSWWGRY,0,0.5733333333333334
CYIEIRLHKYMNEYITPAKRNHEYKTLIQA,0,0.1
LVELPWMMERHVQFIGLSMLEDGGRDKP,1,1.0
AYNSCYYSQDKVRDLCSPD,0,0.06333333333333334
QQSINGKICQDYRVAGYNRYMYC,0,0.07666666666666667
MKKLEPCSGGAWPNYRIIKGQKCFYA,1,1.0
WKMDEIGYVMGNYMVPKEISTPTCMVQ,0,0.59
PNTCCKEQEI,0,0.03333333333333333
GHRPERRWDKNNKLYFSEDERADEHIYI,1,1.0
NPEQMKKKSIACLTPSL,0,0.05666666666666667
GYRAYYKWDV,0,0.5333333333333333
AGMMLMVVMGEDSYMFLWAENVEP,1,1.0
AASRFVCDRLIWCSMLPESQMVVSAATC,1,1.0
YIRQRSFPKP,0,0.5333333333333333
GGQCQKMRLRPVKQRFMDFTELCKEWW,1,1.0
HLRTGAEAENYIRQNFALGDKIHDNL,0,0.5866666666666667
RQQCEDCGDMCPVKWDPCSTISL,0,0.5766666666666667
LYEETGTTTS,0,0.03333333333333333
FPANFQSKRAN,0,0.5366666666666666
QHMPMKTYMMCPAIGMRVSMHQLYDNWP,0,0.5933333333333334
MTQWHYKEWTAMVNEAPRKWTRPEKHQVPV,0,0.6
DTDGYVGYQQEY,0,0.04000000000000001
QMMRKMYGTNWEYS,0,0.5466666666666666
CCIHLITPGATTGKFMMKPRKKYPTWMW,1,1.0
GSEIKWFIAWAR,1,1.0
EHPENLKAKWESKAIGIDEHPCMSPV,0,0.5866666666666667
MKFLVQFAVKARNGLRQRQGDCT,0,0.5766666666666667
VRDLMHHIWQVRMP,0,0.5466666666666666
QDAMMTQMTPSHCEVE,0,0.05333333333333334
FNTMQPEDCCPAVCQNFRDYTCK,0,0.5766666666666667
EDLYTHKLHYSATVVGACLGTREL,0,0.08000000000000002
QDEKAYFKPNKCTAQCHTPFMTFQGY,0,0.5866666666666667
DNAQSASAPI,0,0.03333333333333333
MHEEAFDWGWM,1,1.0
KPVKLMPDYAPHTCDFKP,0,0.56
HNHDHTYELQQGDM,0,0.04666666666666667
MNPDELHKWGFACTMYCMWAFF,1,1.0
CRFQMLLLVTRLYKNTDTS,0,0.5633333333333334
HLIYKYIPQDTRWIGIMGYGHGPMN,0,0.5833333333333334
KVICWSRFACSP,1,1.0
YNRAQPEGGLIEKMF,0,0.55
CHNSWEKFFKDFSQCFVLGWHRDMLNA,1,1.0
DETWITGNWHQLIYTPTNHKCK,0,0.5733333333333334
RFNRTFSCCPGM,0,0.54
MDEFSQVPDQGCKLYPCD,0,0.56
KQLRDYDKLKEEWSGETFFDCDVIKQ,1,1.0
NKMPHNPRCVCVMTED,0,0.05333333333333334
HIMCDSWELKTLAMHTDGA,0,0.5633333333333334
WVKSRSTFDG,1,1.0
DNCRRAYQIMLYDHF,0,0.55
KHLKDNPDVQHDQFMAPWPRNS,1,1.0
WCTENYPPQCS,0,0.5366666666666666
SLTFNLGGFPWFLGYHV,1,1.0
THQQQWLRYGCVPTRGELTTVFWL,1,1.0
QRFPLGGYDRMHGNAY,0,0.5533333333333333
QIFVSMNWKAL,1,1.0
DAPYMTFMTNLRG,0,0.5433333333333333
LLWRTDQMDHEAFILSYENRA,1,1.0
VYTAIFPNEFWEWILLES,1,1.0
CFMIAYRHFSYLCGVTEKKNG,0,0.57
TPSRKPGCTADDQYLLLYGQN,0,0.06999999999999999
QFCQFSMAPMTNMHCLFF,0,0.56
VEHYIGWNDRMFTPEYKLCNG,1,1.0
HNYPLIPKSYKPEGIITEM,0,0.06333333333333334
GPRFYECKETGKSFIVM,0,0.5566666666666666
SYVYWKEPKG,0,0.5333333333333333
WNHPFWRGFWH,1,1.0
IIGKYWCFMWWKSGIHCC,1,1.0
CHINDKMEFCWPGR,1,1.0
QVLHDHYWGKPRH,0,0.5433333333333333
VVNPWVVEYSAC,0,0.54
VWCPVYISFVDLIKLK,1,1.0
IPATCGPQITVLALCVKQHAEEYKC,0,0.08333333333333334
ECAYNMYTFYIMQDDRIMSSA,0,0.57
RSVCIDIRDTWMAF,1,1.0
KTNYDRQHGMI,0,0.03666666666666667
INESPWWAIHMYYVQNHSDYRVHW,0,0.5800000000000001
YQYHMDHSVKMMKHPPKVWTVFFPSFHY,1,1.0
NKFDCKCIDMPSVMSPTDWGGCYAPEPVM,1,1.0
CTIANPWAIPTMMPCQHCCSEFQLCMWQNC,1,1.0
IHNIGQQQAGPLCAFNMQIQSW,1,1.0
CDHQCCMQNRIMGNEWARFEN,1,1.0
ECVGSEFADQDAWSC,1,1.0
QFTMIIMEIPFRPKGEGGWNCC,1,1.0
ELIIVAKGGTPSQCADFPWKVNFLRNWMGM,1,1.0
SFVEGSKGDCKFSQTPF,0,0.5566666666666666
AVCAGALKLMLILGGNLTCRQNAS,0,0.08000000000000002
VMPLEDECWCVMH,0,0.5433333333333333
MCEGWKNRGWRVFHCHHWTPCGVEGFNTE,1,1.0
RVIWSIMQCPHWQLMKHNR,0,0.5633333333333334
NPTYQSYRTC,0,0.03333333333333333
CEETEWAWMVLAEPY,0,0.55
RCGNSQCRLLNHTHNGFQKCSRSTF,0,0.5833333333333334
DQMYPWIQFATLSRHQSSK,1,1.0
PSSAHDGRFERCHLDWPYNL,1,1.0
TEAYWMNEDEM,0,0.5366666666666666
AMMGMIMDDPVMMQ,0,0.04666666666666667
LADLCNTTRWMSDYTIVSLMWKH,0,0.5766666666666667
NCCGVMVYEHCGE,0,0.043333333333333335
RVDCKVHKWYKKEHDKWEFYRLPK,1,1.0
EPPQRHSIDTQT,0,0.04000000000000001
LPMWCRQCPCRLLQRLVRK,0,0.5633333333333334
RERIQVERFHQECQNATDR,0,0.5633333333333334
SENFNRIYMRCEQIPPY,0,0.5566666666666666
YYNVNHEPMQCRYESLYGQDKCFINQ,0,0.5866666666666667
RPEVIGFGKWVKPQNDCDQPSYGNQHENI,1,1.0
CEHQYGAGHTFGGDAHKIFKIYYIKSM,0,0.59
CWSELLRNAKRAY,0,0.5433333333333333
TKLVKLANPYWARRK,0,0.55
EGSYGRLNRS,0,0.03333333333333333
IVFHIDMPENHYWKKMCGKVIVPMQ,1,1.0
KMCYEYHNYAFWWQ,1,1.0
KWNIIINNEGRCHMHANCHHAMGSWWE,0,0.59
QEMARNPQSHAAL,0,0.043333333333333335
IWNKGGDPPKPYAM,0,0.5466666666666666
SHYTYHAIKKDCTHFCGTTVLLINKWV,1,1.0
YHFGPGEMFSFIHARSGANKETHSKSW,1,1.0
HCKTYGDQKTREQTCMQTCEVCPSG,0,0.08333333333333334
TWWVRWHARPQYGIVN,0,0.5533333333333333
PKACKYHYLT,0,0.03333333333333333
ICGCENHCFMWITAMPVHLWWMQVL,1,1.0
PHYICTCCYRLWPQAAVNRNYM,0,0.5733333333333334
GQHNLSARHA,0,0.03333333333333333
QWVGEEYMYFKSHIYIAVVYQEKKSQYY,1,1.0
TIRVCQWHSWCHSYACISY,0,0.5633333333333334
TCNDWPFFDECWIEDIGSGIFVDNWWRRSE,1,1.0
ANAMHPDGAM,0,0.03333333333333333
TSIFRVKGQHTAIYPNNTTYPYWSA,1,1.0
GLVGPKVWYMHGMAKGGFTH,1,1.0
VDAQVTAKYWLYGCGVQWWFDNLPEFWLFR,1,1.0
GLGGLRCCVHQCVDVHWGVK,0,0.5666666666666667
LHEFSSITWQLR,1,1.0
TKNFTLVIPKVYNEWPLDSSLEWL,1,1.0
CRNELVSRQYIAKIVNAAT,0,0.06333333333333334
WFLFTHGVGTCPLVRG,1,1.0
VMKGGWARPLDANNNQNYKQKHDVKYHP,0,0.5933333333333334
HPETMVIFMQKQYEFKFNVAHHGAASQ,0,0.59
LQMWSSGFLTCKIGEADDTN,1,1.0
TGVIWWICMKLYGG,0,0.5466666666666666
CPMQHSLHEHASGYPN,0,0.05333333333333334
LSAHPIFTYPDFM,0,0.5433333333333333
GGCCPMMMHGMRQTSQATCCANSTREWHIH,0,0.6
IWEMRNNCKAFSCDDMTGVLTPAR,1,1.0
NDKMRGWDCKPMIHQEC,0,0.5566666666666666
GSCHVCHSPMDFEWMPVSPGKVTDM,1,1.0
TKNTGCDKGVKQQGQNART,0,0.06333333333333334
QIAWKDPMHPCTKIKHPTTWAQQTPCS,0,0.59
QMSGCPSEHAMHW,0,0.5433333333333333
CPQKFIDLYAIACQYADL,0,0.56
WLFCCIHFEKFPHWQL,1,1.0
CMTEPVELRPALRLEF,0,0.5533333333333333
PWDVGILAATQSMPHARWPIPME,0,0.5766666666666667
HLWRTSHQSKLSHNHAHVPIKEPPA,0,0.5833333333333334
WFPQWYGRNDGQ,1,1.0
LNMDLTQRVCGFDVT,0,0.55
GALMWKFQMSTLVDD,1,1.0
GDTDWAYQLH,0,0.5333333333333333
DSWTACRMKKKQR,0,0.5433333333333333
CSWYGLFLMQ,1,1.0
IVVMAPWELKVQTSQCFGATHVKQTRWEP,1,1.0
IHQFPGEMTETPISRRYAFNFGNSNIHSP,0,0.5966666666666667
ILYYGHKYGCSF,0,0.54
GHWMWCNQQPGMAHHFALDIGRDCFWNMGY,1,1.0
WWHRNGKSMNVKVI,0,0.5466666666666666
SVAVNTTDSNECRMCRFIHQQHS,0,0.5766666666666667
CGLPPYWVPEHGMTVIQMYY,0,0.5666666666666667
TPHATQDWFFHQASCPKMPTQARIMNAP,1,1.0
QIHEASRPVAYSGSTQLIAEEAGPF,0,0.5833333333333334
SIEQEHHFMVVNVLTAHIYQTTWIMD,1,1.0
LCCPIGFKFK,0,0.5333333333333333
CWFCMVQAHTHDGYENMGPCLG,1,1.0
PAARWTPDVINMM,0,0.5433333333333333
RIMRWWPCTMSVLP,0,0.5466666666666666
VTFMDTQYNKWKY,1,1.0
YVQAKCAHRRGLRLLTI,0,0.05666666666666667
VMTIMIACSCGYFIWTKIGQKLWAAET,1,1.0
MRSCGDSWCEQINVE,0,0.55
LLEYIRGPKCNDQDTPCGPNFL,0,0.5733333333333334
ADGNSRKKIIPPWKGFAI,1,1.0
LGADTFWAERNSFQTDYDCLLEHSNGWTNC,1,1.0
EKNAWKHLWWPWSNCAP,0,0.5566666666666666
DFLGYYPKTCE,0,0.5366666666666666
MVQWQCRMCCNIHGQNSERP,0,0.5666666666666667
NENSFEMWRHSERPPKFW,1,1.0
SPIERVYEYDHDIIYRIKTYARCTRVLPW,0,0.5966666666666667
IGWLPPMERVPQRLGGELGLMIATFH,1,1.0
IEGFMEQSANRMSHM,0,0.55
PEDPAYVYEVK,0,0.03666666666666667
IMPEDSMSYIF,0,0.5366666666666666
YNMKAMPAQALAY,0,0.043333333333333335
RDPQDSTDTGQLYASMQCKQLC,0,0.07333333333333333
RVQPFRRNTWVWLRCPLTDN,1,1.0
ASWVWFKLLKFKFNQGYWFCGFYAFMY,1,1.0
YKLMWDISED,0,0.5333333333333333
FHINFRVTHEANMDDKTAPPQM,0,0.5733333333333334
NAIMAIIIAV,0,0.03333333333333333
IRYTWYQFWACGRVDGNQMYLWKVWWHDTW,1,1.0
KAKFNMQRSSH,0,0.5366666666666666
HRNWNPIQQRIWMVQ,0,0.55
ETQDVAEIRPEVWYEDFTKHFYPDEPQW,1,1.0
NELTAGLFHSH,0,0.5366666666666666
VAQNEWMDIWYPR,0,0.5433333333333333
SNYEISYWVDHMQTPTMLHWCLLK,0,0.5800000000000001
GPTMDHQDHFFNDCWAMEKNEGMLIW,1,1.0
RQETQLPFFDFWNG,1,1.0
VLAEAYWFHKTHKTY,1,1.0
ASCRSFQPLAGYAIMQDH,0,0.56
GVWHVDIKHIHGALEIHFPFYRSMK,1,1.0
NTKDWVTPVSG,0,0.5366666666666666
SDHYLPDLMIHGTGVTCSFMYVKQVARP,0,0.5933333333333334
LHHMVIALLVQWIQHE,0,0.5533333333333333
SSWIFTWDMVLHWCQPGQGWENMY,1,1.0
SRWPHPAPPVQDPTYVMLSHRFQTPEVQN,1,1.0
GPDWYQYCGAVGEFIILVIME,1,1.0
HKSCNPIECDCCAWSQH,0,0.5566666666666666
RYGTANYEMAIIFQMN,0,0.5533333333333333
NGRGWEQDAIVDDWTFENCDVNAGATG,1,1.0
YQYYAWRYKYSQSKLTQTCMMDYR,0,0.5800000000000001
TVKVMGSFSVARPFL,0,0.55
RYDESEPRPEPVFPSNLWVHYYW,1,1.0
VYSLYDSKPK,0,0.03333333333333333
PKVNICRNNCLPQIKQCFFCEA,0,0.5733333333333334
QAMPPHVIVPNGRNFRPR,0,0.56
QLAWEFYDKGGRFPVMWPHMMCDWAP,1,1.0
DEPEQQTATVCRVDGL,0,0.05333333333333334
IAQVYPPQCPEIMIK,0,0.05
RQSIDGDIIECQRENCSCFWWMECSAPVS,1,1.0
DGKFSFVSKPISPTFKDKPPIFTNLAKKG,0,0.5966666666666667
DANIRDCRFFTHLQFI,0,0.5533333333333333
LDCVLDKFIGYPFVSSACASFEYEV,0,0.5833333333333334
ITMCRPERMVTNEFMRP,0,0.5566666666666666
NWYHIIGFMDMMF,1,1.0
FNDFGKKKSYSGMQESQGGWVTDFICT,1,1.0
GYVFYSIRMWNWMQWLPHAV,1,1.0
VWEHTVHAFLCKNVHDC,1,1.0
YAYMMFMTLDIHR,0,0.5433333333333333
CLEWFEREMIDNKAMPCTIGNWRRA,1,1.0
CWKCWDDKYMAIWECYSIWPVMD,0,0.5766666666666667
PLWDTFKTVQQAN,1,1.0
IKLLTKLWSE,0,0.5333333333333333
EVQFDCVYNLFPDVIWIRYHELPKGC,1,1.0
KIVTLESTRDVRQVASTRLWK,0,0.57
DRCDEHYKEINYK,0,0.043333333333333335
GFQVYLDRGTFARQS,0,0.55
SSTSKVYMVRCFPLEPMNI,0,0.5633333333333334
IDWKKCQIGRMIQNCS,0,0.5533333333333333
NHRMYWHPIDMNWQDKSHNK,0,0.5666666666666667
EHLFTWCFVWVINNKHGRWSNNS,1,1.0
KHQDIPACEHDPWW,0,0.5466666666666666
VSLSCVWWNR,0,0.5333333333333333
RNTRYEDDHAC,0,0.03666666666666667
NLGQFDIYCMSACCPDWPKHSKRK,1,1.0
VLMRSNDVNKFHNARIFIHIQWV,1,1.0
SVGINRTWKQNH,0,0.54
FCRAVFGHYAT,0,0.5366666666666666
IIWMLWWLKLPDSRDLMTRGYRKNNNM,0,0.59
FMTIIKERGHNYPNMKDYVHTAGWNITLTR,1,1.0
NGHWRAHFTA,1,1.0
HQNVYTPMPYAEID,0,0.04666666666666667
RVEQCVDNQVWI,0,0.54
VIQTRDSKMTMYDMIYECQGDSCCQP,0,0.08666666666666667
MGIMPQQGEEVP,0,0.04000000000000001
HHRWCPDGCIEILMI,0,0.55
PNEFEFMTGCLLG,0,0.5433333333333333
ASVVIEDYWDKARPIYWVENEQIG,0,0.5800000000000001
RWFLPTWKYKDMPDYHRQQPRCPTYFG,1,1.0
FKPSKQKIQCWFFGPM,1,1.0
GCEAMVAGKHNQNRWGVAKEEDVIKSYMK,0,0.5966666666666667
DTQYQHTDKDHTAIWFKAFFT,1,1.0
KCNSPTKDRCTTYANTFND,0,0.5633333333333334
KGPVSQSCMVNYDRYTTHGKQIHFWAWKCA,1,1.0
KKPSDERWLTL,0,0.5366666666666666
HDSHEEFHDTMEMCSWTT,1,1.0
IICRNWKKMHRTASAM,0,0.5533333333333333
VFEGPNICEFSPRPTEMRQVYQMSGWDSGQ,1,1.0
EIVEGMAGEAPLIWKF,1,1.0
LEFMNSKSMWPLNYYRKI,1,1.0
KMLCQLDTYFRSLEVMQGLMW,1,1.0
KKSGVSVDFPCEGEQQQHLGYM,0,0.5733333333333334
MWTNCMDCNP,0,0.5333333333333333
IMVPDCPIKCNDCH,0,0.04666666666666667
LFMYLSNKNSMVSPNEFKPCEDHWECW,1,1.0
EITFYPWEDHCP,1,1.0
ALDFMKAMTPCWLSPWIFFIMCT,1,1.0
EEVETQPNEIKYNYVVGCDRK,0,0.06999999999999999
CWTNWDYMQDCTQVQWHRPEADQWCP,0,0.5866666666666667
GCFRNNHYCPN,0,0.5366666666666666
NATGGKLVHNYSSTGSDKTEYK,0,0.07333333333333333
YSNCWDCYLAEV,0,0.54
AIYSPKSFTAHMRNGFTM,0,0.56
NFKGGQAARHYIF,0,0.5433333333333333
WACCAVFVNIYHGSGSFTGPCLCTKSKLK,1,1.0
HQMNCLMTVGQVPTIFIFQ,0,0.5633333333333334
PRVYGGQSINMNKPG,0,0.05
YSQNFVSANFQIRIKYLTNAYA,0,0.5733333333333334
VNWKPGVQHAAKHKEMVCDWVAV,0,0.5766666666666667
CEHREITHKFPYRQLRAAMQGQHHEQFNDM,0,0.6
HIEWKKKHKQ,0,0.5333333333333333
KPPYIQFFWQEAHMMNGRVCPDAS,1,1.0
DSNRNSGMYFYNYLPW,1,1.0
WNCMWMADGLNPGSEARMYT,0,0.5666666666666667
TLGLTMITTNNVQHS,0,0.05
HIFWWLVEMHEPSTYDYKQVPDLEEV,1,1.0
PMCRLFYDAASSQKHKH,0,0.5566666666666666
MRPHWDEIFHAH,1,1.0
KRMWDVGMRWCKWR,0,0.5466666666666666
RIMMFCIESEPFLH,0,0.5466666666666666
LQRMANQAQP,0,0.03333333333333333
SPMCDQVMHLIVADHGEQDLG,0,0.06999999999999999
KKFVMNEDRTGHTSWALTH,1,1.0
EITHTRRLHTRYQEL,0,0.05
EAAHQIVKTVSF,0,0.54
LEHPHPNKGL,0,0.03333333333333333
NDDVKTWMCHGQCKW,0,0.55
SDIEQKRFRVAIAAPEDPAYQ,0,0.57
AHMFRQNHTMWAHHVTVDQL,1,1.0
STVIGAVKMISSFPPTRSWFFWC,1,1.0
VLWQRWCTEDDHFNFPALCIDTNEM,1,1.0
FHIMYMRKFNQTEMEIHSDFISQNRI,0,0.5866666666666667
FENMYKDLYSSGKTSRARVRKPMP,0,0.5800000000000001
GRMMTSNFTTSHDCRNISSQCEF,0,0.5766666666666667
RSVAGWHIWYPINHMNMSH,0,0.5633333333333334
NFTDENGWYRPFGYRDMAHSLRLD,1,1.0
VGIPYVIPYLSDFVTAMKGAKSAAHRE,0,0.59
QMVVEPHIQHCLDA,0,0.04666666666666667
EGPRIYKYFD,0,0.5333333333333333
EKTNWIWVEM,0,0.5333333333333333
MAHGMCYLLETHYCS,0,0.05
SADEATFMSKVMDFFKCEVNRGLN,0,0.5800000000000001
RNHFWDMNAQKERMVSSPQRHLMW,1,1.0
GVKYWHALYPFSQKLIYKEWDWWEIY,1,1.0
RMDKMQTICDYKDSWICCDNSTEY,0,0.5800000000000001
FKHNHLAKEGMMDFGNSNIEQER,0,0.5766666666666667
ECLIKHKCGNMIPPISVDTVN,0,0.06999999999999999
VFPILRPKHVMANFFSV,0,0.5566666666666666
WDCEDECTLPWANNHI,0,0.5533333333333333
NNSVNRNARRL,0,0.03666666666666667
PEFTPCDSLATARYYIMYWLVHGCD,1,1.0
VIQKCITIYPRNPKMWINFTTVWGPNAH,1,1.0
VMRNDVSFQNLDYIWHRNWINQVSS,1,1.0
WFTYQAPNPNKPGATIM,1,1.0
MASADFPAVRH,0,0.5366666666666666
EFCGIIPGFAIQKVTTLQRAEGLFADWYL,1,1.0
FWLTKMFGTPCNGKMVEVREPAMHAL,1,1.0
ANRMYTTNSGM,0,0.03666666666666667
AIVHPGPKGCSVPNVWSLTNFYFNMESGP,1,1.0
WSYFPGNFVWCLDCAHVQTKIYEDWDG,1,1.0
LTLQHSMGYVYTEDKKQ,0,0.05666666666666667
NKAEMKADITHRSNGWASA,0,0.5633333333333334
IVLFQWTQRWALCVYCMALSHA,1,1.0
MVAVQIQQEQPFYSMIAIELDIWPAI,1,1.0
GWNASTWTNVWRFQCRSLRR,1,1.0
QERMLSHATQYQIYNYQY,0,0.06
NVPMHEKDEWPWNFVWIQKVNIITMDPDFG,1,1.0
RSAQQDSDSVTTISM,0,0.05
YSRGLTPNIPAGDHE,0,0.05
NSKAKENTMFLGPNECQRYDGQQEGNM,0,0.59
EFYAYYDSHCWHSRQRY,1,1.0
HHATTGSSEKGCYALTYDTKKM,0,0.07333333333333333
DRRGFAEWIEFNTQV,1,1.0
TKKDYCAWHNNYEFGIAHPTQHFLPDMYC,1,1.0
HNQDIARTHLECTCQLPGKHNRNDWTL,0,0.59
HIVQIKHYTMISAFSG,0,0.5533333333333333
GYNCFAIANPCAGCVKVI,0,0.56
HSVWLFVMVP,1,1.0
WWNGCLAVISDIARIKNFVFTEQS,1,1.0
GFCVKNCDACHKFALFVLCEAGAHTKLSP,0,0.5966666666666667
GTWVWYKEEEWQFVQSDCHPHIQI,1,1.0
NITILDQIGDMWNT,0,0.5466666666666666
KHECAPYDQQIV,0,0.04000000000000001
PRLGLNVMIILALQICDKPC,0,0.06666666666666667
MQHIPDHYFFHLFVYPYIQQPTIDLAFE,0,0.5933333333333334
CVTGSMNNRAHLLIEEE,0,0.05666666666666667
TRKQIEIDPFWVYWDAVIVWTRTII,1,1.0
EYCSYRKVILNSIRDIDRCAKPMRDETL,0,0.09333333333333334
VEYHSPGFVPYPWLCWILFQWCDQ,1,1.0
SNDEETQANEKKQSCGR,0,0.05666666666666667
WEVEKAKQNYCQ,0,0.54
ITWRADWVECWPTVDFCIYQEGRFKCV,1,1.0
SCVWTNWYYWAQQQKKCA,0,0.56
ARYARDPEIAMDNEGDWG,0,0.56
VEQEDWLRHDP,0,0.5366666666666666
RNGITVNMEKVCIAFI,0,0.5533333333333333
ARQAHLDFYCCLGKINNEVA,0,0.5666666666666667
HQMIGQKTMC,0,0.03333333333333333
CFCEYLWADVIQHKYKLSCHLRKME,1,1.0
NITNNFLTNSGAH,0,0.5433333333333333
QCHDCHVQFICSKVRERRGRDIEQM,0,0.5833333333333334
PQDEQVNPWKTPEHGWLHA,0,0.5633333333333334
AFPWQRGIKTAMSAFR,1,1.0
MNTQRTLGPAQDFKCMYHNKVYKD,0,0.5800000000000001
MPEGIQVERGNIPATWFH,1,1.0
YEIDHGWKQSF,1,1.0
GFSVCCLMQEA,0,0.5366666666666666
NSLLYDVFTTC,0,0.5366666666666666
KSDETLDRQQIEKYADKWLIAHTWP,0,0.5833333333333334
PIYWKFYHCVMRYPIVVKNPNIL,1,1.0
LMKAYIKVKMFYRYRWKGYHTLS,1,1.0
FHGAQYKFLLHACELRWAD,1,1.0
YPYNANMKKCQTYHAYSKD,0,0.06333333333333334
VVDAMELYPMENEVNA,0,0.05333333333333334
NWDNFNEMFTWTEICGVQDNHRDIDHH,1,1.0
IPMMNAEREIIDVSL,0,0.05
EHLNEWMRMIRKYDNLWNKQQ,0,0.57
ADPENTRQGM,0,0.03333333333333333
MYMKNFGQQFLSTFMEQKRYNFGVSSPRAI,0,0.6
SWWVEGDKVYAYCHHLMSHRRPVFDSSWY,1,1.0
CLVMRNNNWNLQQLTRKLCMCWYS,0,0.5800000000000001
VQIREQAWTRDAVVTQQLELTAEHKCCY,0,0.5933333333333334
RTYLGVYWQMFMMLLNIEYCADMQTHFG,1,1.0
HRDKGTFAITFAVYHLNTWGH,1,1.0
QEFNMMLACTMPWN,1,1.0
LTHETYITSVEVYSYKCT,0,0.06
KELYCFWEHYINSIVGREGFELEEQWM,1,1.0
LVGSLGTLPDQDTDT,0,0.05
TFHLRQRQRYE,0,0.5366666666666666
CLWKGVITMLRSDTAGG,0,0.5566666666666666
NNKCWCRMQEYCARPYILQQVHNVHLPGRM,0,0.6
NGQVVRINDKHPNEHWEMWPFHIHRSTW,1,1.0
TWAYFLNMDVGMDAWQHPSAHWY,1,1.0
TGITPSLPTGSC,0,0.04000000000000001
IHFDCCAADEAIF,0,0.5433333333333333
EDVPWDQRWHYNSTNRAFGGKMLHWIFC,1,1.0
SHCNSYRLNLLSPLNWKRGPNVM,0,0.5766666666666667
WFQDRYKADRYKTLERFWMSYCHYQWGL,1,1.0
WYAYTAHDDCKRLSEGMEAINR,0,0.5733333333333334
RPPMKPERGRTTDSVGPCFRWMLT,1,1.0
CGLPRGKKVILD,0,0.04000000000000001
NSMTVQTHDGETRKCAYIESYH,0,0.07333333333333333
DRTNKWTKNE,0,0.5333333333333333
YTAINDKTGKIEFEIF,0,0.5533333333333333
DKQVLCIETTWVLLCF,1,1.0
ITVSSRMANRT,0,0.03666666666666667
KVLYNYSKLNSCRTKISLCYHECVV,0,0.08333333333333334
SKEHWSLTVYEFIWISRGPTNNQSEWSDQY,1,1.0
IKEGRCKPMIIFCTEKTIPGRESK,0,0.5800000000000001
NSVGDQTDQWTCST,0,0.5466666666666666
AKMHATNGHQCEFYHHMLGIRWFFYQ,1,1.0
MHKWDFHQQRLKNGF,1,1.0
WSYPCFVSVTMYLFKALCREHQSIGFWK,1,1.0
YCIKTCMSVAL,0,0.03666666666666667
YVSLQKGPCWPCCAN,0,0.55
NHMYTIIHYTRQKMKTTNIRYETYTMWYK,0,0.5966666666666667
ECIPASFHKENWDDYYP,1,1.0
AVSDHDWIQQHPWILYLCKLVM,0,0.5733333333333334
TDQSWWNNTPIHKYEYCHFQLKMKQTMW,1,1.0
NHQHCYRWSFHVHI,1,1.0
STCSRCDMMLESYLNRFSLSC,0,0.57
WYQASKDNCAGRADHCK,0,0.5566666666666666
GWLGYEPPVMWRIPMFMCNPHRNFHMR,1,1.0
MQNFAIVNSEVGLCTDQWY,1,1.0
RDERMVGPMSVQ,0,0.04000000000000001
EINRFMQCYDTINQTWNYVVKMIFRIVKVA,1,1.0
REVWWEDTLNGQG,0,0.5433333333333333
AQTFAVWENEEYCFITLHHVLWDIEWYDHY,1,1.0
KWLRNRQIMQLNDN,0,0.5466666666666666
WPFMDMTHSI,1,1.0
PFGDGLTFDLHARRFWMHVKYQYDF,1,1.0
NKQFIAAFCTPTGFQRRVEHG,0,0.57
KIFSTRVLLQMGRSWR,1,1.0
MWVYYLFNKPCQQLEAYLTAHN,1,1.0
HWTQEGRETPL,0,0.5366666666666666
HKAGEYNPHHYGECMACEKEHYFT,0,0.5800000000000001
TCATIRFSQWRC,1,1.0
YVVRTLLMLQRKHIHNDDLSMCMCWW,0,0.5866666666666667
GRIHVAMNISGLYGGPMSYPM,0,0.06999999999999999
TELRWLHRAIFR,1,1.0
DGFELSGLDIGVI,0,0.5433333333333333
DGGIMTVPAWENEMHMYAI,0,0.5633333333333334
FYADKFCIMCNSWYRMLAKQVTSRVEA,1,1.0
LAMDSPPRMRECEWYWENNR,0,0.5666666666666667
ADEQLMIATPDAENTMHQSSV,0,0.06999999999999999
KGYQTNQEPDTDFHQLQDM,0,0.5633333333333334
HPERQNHAYFMWFVWIMTTMSKQDF,1,1.0
CRSIFHNLAPKQTGFVRSGE,0,0.5666666666666667
SLGWIIQDNEDVYEANVRNTKVQKMNEA,0,0.5933333333333334
THYIEDEIMWMFNHLSCYWTFRLFF,1,1.0
VMPRCCGEFNTQYI,0,0.5466666666666666
ETFYHTVATYLDLHQST,0,0.5566666666666666
VGWWNLAYRHRNHFPEHE,1,1.0
IYFGANTFTWSIC,1,1.0
RCVYQFGNDDSQDRN,0,0.55
KRTVNSESNWKRCFVWHAFKYDV,1,1.0
TTEVANGWEMC,0,0.5366666666666666
AMWGAAWDRWFGTNFWSNAMWILMLIGG,1,1.0
NEGNSIPMCVPLRMMLKGPPMWA,0,0.5766666666666667
CTRWQAKLQFHCFHAVPYQGMPFYNGAGI,1,1.0
WYESLPGDFMNVQ,1,1.0
QFMMQKQEVGPAAMAINCDRQPVEVW,1,1.0
PALANSVIITLNWEIQRFRRNDPCTM,1,1.0
GSKQGNQHSINGMPRESDVTWMNAVI,0,0.5866666666666667
DLRASWKQACMTALPKY,0,0.5566666666666666
INMLYDDIGT,0,0.03333333333333333
AKCSNFHCVWTSQWVNTRMVKYCAMW,1,1.0
PPHQWMHGRQKTEQRAPRFYNYGPESGNAK,1,1.0
GPCGGVPIFHTMYNIQVSGTQK,0,0.5733333333333334
CNCGGAGCERQATCTRADTVEPSIW,0,0.5833333333333334
PVMSHCYMFTRSVDMMPLVSCEL,0,0.5766666666666667
YAMIEQSTLCFNH,0,0.5433333333333333
GMPWRTDAHHSHGAE,0,0.55
RFHMKRDDQGNPHCT,0,0.55
CQECYPARSSWFRCGGYLWWCYT,1,1.0
